{"Year":[2010,2011,2012,2013,2014,2015,2016,2017,2018,2019,2020,2010,2011,2012,2013,2014,2015,2016,2017,2018,2019,2020],"Territorio":["Arag\u00f3n","Arag\u00f3n","Arag\u00f3n","Arag\u00f3n","Arag\u00f3n","Arag\u00f3n","Arag\u00f3n","Arag\u00f3n","Arag\u00f3n","Arag\u00f3n","Arag\u00f3n","Espa\u00f1a","Espa\u00f1a","Espa\u00f1a","Espa\u00f1a","Espa\u00f1a","Espa\u00f1a","Espa\u00f1a","Espa\u00f1a","Espa\u00f1a","Espa\u00f1a","Espa\u00f1a"],"Value":[14.1629637143,15.5481609869,14.5392642455,16.14,16.91,14.4,15.71,13.33,14.2,17.9,16.0,20.7,20.6,20.8,20.4,22.2,22.1,22.3,21.6,21.5,20.7,21.0]}