Year,Territorio,Value
2010,Aragón,14.1629637142739
2011,Aragón,15.5481609868546
2012,Aragón,14.5392642454973
2013,Aragón,16.14
2014,Aragón,16.91
2015,Aragón,14.4
2016,Aragón,15.71
2017,Aragón,13.33
2018,Aragón,14.2
2019,Aragón,17.9
2020,Aragón,16
2010,España,20.7
2011,España,20.6
2012,España,20.8
2013,España,20.4
2014,España,22.2
2015,España,22.1
2016,España,22.3
2017,España,21.6
2018,España,21.5
2019,España,20.7
2020,España,21
